player_id,player_name,team_id,team_name,country_code,position,jersey_number,matches_played,minutes_played,defensive_pressures,direct_defensive_pressures,forced_turnovers,direct_pressures_per90,all_pressures_per90,forced_turnovers_per90
433527,ABDALLAH NASIB,43820,Jordan,JOR,Defender,3,3,287.09605,38.0,6.0,12.0,1.880903620931044,11.912389599229945,3.761807241862088
430477,AHMED FATOUH,43855,Egypt,EGY,Defender,13,3,301.154,49.0,9.0,24.0,2.689653798388864,14.643670680117149,7.172410129036971
481183,AKAM HASHIM,43818,Iraq,IRQ,Defender,5,3,303.8828666666667,16.0,7.0,3.0,2.0731672269337107,4.738667947277053,0.8885002401144475
426357,Aaron WAN-BISSAKA,20014,Congo DR,COD,Defender,2,4,399.45593333333335,104.0,14.0,12.0,3.1542903606054833,23.431871250212165,2.703677451947557
464924,Abdukodir KHUSANOV,44005,Uzbekistan,UZB,Defender,2,3,311.9538,23.0,8.0,11.0,2.3080340742763834,6.635597963544601,3.173546852130027
403312,Abdulelah ALAMRI,43835,Saudi Arabia,KSA,Defender,4,3,268.4348,23.0,5.0,7.0,1.676384731040834,7.711369762787835,2.3469386234571674
484082,Abdulkerim BARDAKCI,43972,Türkiye,TUR,Defender,14,3,300.14936666666665,27.0,12.0,3.0,3.5982084919719415,8.095969106936868,0.8995521229929854
479042,Abdulla ABDULLAEV,44005,Uzbekistan,UZB,Defender,18,2,206.89091666666667,22.0,7.0,7.0,3.0450829362171934,9.570260656682608,3.0450829362171934
400721,Achraf HAKIMI,43872,Morocco,MAR,Defender,2,6,650.4326666666667,93.0,30.0,19.0,4.1510830226854125,12.868357370324778,2.6290192477007612
376285,Aissa MANDI,43843,Algeria,ALG,Defender,2,4,403.12651666666665,19.0,6.0,14.0,1.3395298440427574,4.241844506135398,3.1255696360997676
448014,Alessandro CIRCATI,43976,Australia,AUS,Defender,3,4,438.20265000000006,48.0,28.0,12.0,5.750763944490066,9.858452476268685,2.464613119067171
464542,Alex FREEMAN,43921,USA,USA,Defender,16,5,442.47535,64.0,20.0,17.0,4.0680232243445875,13.017674317902681,3.4578197406929
502945,Alexander BERNHARDSSON,43970,Sweden,SWE,Defender,21,3,233.05701666666664,81.0,9.0,14.0,3.4755443607111594,31.279899246400436,5.4064023388840265
433362,Ali ABDI,43888,Tunisia,TUN,Defender,2,3,293.00266666666664,102.0,24.0,22.0,7.371946557938039,31.330772871236668,6.757617678109869
489603,Ali NEMATI,43817,IR Iran,IRN,Defender,19,3,309.48558333333335,24.0,10.0,5.0,2.908051452046635,6.979323484911925,1.4540257260233176
441252,Alistair JOHNSTON,43899,Canada,CAN,Defender,2,5,511.18878333333333,52.0,16.0,12.0,2.8169632177962174,9.155130457837705,2.112722413347163
482976,Amar DEDIC,44037,Bosnia and Herzegovina,BIH,Defender,7,3,310.4133,95.0,11.0,14.0,3.1892963349186387,27.543922892479156,4.059104426260086
385031,Amir MURILLO,43914,Panama,PAN,Defender,23,3,303.7823333333333,68.0,15.0,11.0,4.443971396186085,20.14600366271025,3.258912357203129
424071,Anass SALAH EDDINE,43872,Morocco,MAR,Defender,26,4,240.65803333333332,35.0,10.0,3.0,3.739746342701213,13.089112199454247,1.121923902810364
441240,Andres ANDRADE,43914,Panama,PAN,Defender,16,3,303.7823333333333,38.0,19.0,10.0,5.6290304351690414,11.258060870338083,2.9626475974573903
401339,Andy ROBERTSON,43967,Scotland,SCO,Defender,3,3,255.4343166666667,47.0,5.0,13.0,1.7617053412100265,16.56003020737425,4.580433887146069
441251,Antonee ROBINSON,43921,USA,USA,Defender,5,4,399.23064999999997,66.0,18.0,14.0,4.057804680076543,14.878617160280657,3.1560703067261997
379955,Antonio RUEDIGER,43948,Germany,GER,Defender,2,4,300.8625833333333,14.0,4.0,5.0,1.1965595588905344,4.1879584561168715,1.495699448613168
511141,Armando OBISPO,1895293,Curaçao,CUW,Defender,18,3,300.2891666666667,24.0,9.0,4.0,2.697400006105226,7.193066682947269,1.1988444471578783
436572,Arthur MASUAKU,20014,Congo DR,COD,Defender,26,4,340.13873333333333,102.0,10.0,9.0,2.645979160268134,26.988987434734963,2.3813812442413207
448346,Arthur THEATE,43935,Belgium,BEL,Defender,3,3,268.6363666666667,10.0,6.0,3.0,2.0101522615888068,3.350253769314678,1.0050761307944034
395050,Aubrey MODIBA,43883,South Africa,RSA,Defender,6,4,381.26880000000006,67.0,14.0,12.0,3.3047550704384934,15.815613551384219,2.832647203232994
403063,Axel Tuanzebe,20014,Congo DR,COD,Defender,4,4,409.64515,20.0,10.0,6.0,2.1970234482209783,4.394046896441957,1.3182140689325872
335999,Aymeric LAPORTE,43969,Spain,ESP,Defender,14,8,824.1481833333335,34.0,4.0,21.0,0.4368146496955816,3.7129245224124436,2.293276910901803
349342,Aziz BEHICH,43976,Australia,AUS,Defender,16,3,245.4124666666667,55.0,7.0,9.0,2.5671067511647734,20.170124473437507,3.300565822926137
385067,BOUALEM KHOUKHI,43834,Qatar,QAT,Defender,16,3,310.32276666666667,21.0,12.0,5.0,3.4802473940304948,6.0904329395533665,1.4501030808460396
475260,Behruzjon KARIMOV,44005,Uzbekistan,UZB,Defender,24,2,203.0727,55.0,7.0,5.0,3.1023372417858233,24.375506899745755,2.2159551727041595
448360,Brandon MECHELE,43935,Belgium,BEL,Defender,4,6,651.5232166666667,48.0,15.0,16.0,2.0720673729892405,6.630615593565571,2.21020519785519
418729,Carlos HARVEY,43914,Panama,PAN,Defender,14,3,295.1525833333333,53.0,19.0,28.0,5.7936135292734185,16.161132476394272,8.53795677998188
441242,Cesar BLACKMAN,43914,Panama,PAN,Defender,2,2,187.2241,41.0,12.0,7.0,5.768488138012148,19.70900113820817,3.3649514138404193
395516,Cesar MONTES,43911,Mexico,MEX,Defender,3,4,349.6178666666666,14.0,4.0,9.0,1.029695660099751,3.6039348103491284,2.31681523522444
448607,Chadi RIAD,43872,Morocco,MAR,Defender,18,4,390.04965000000004,30.0,12.0,7.0,2.768878269727969,6.922195674319922,1.6151789906746488
356532,Chancel MBEMBA,20014,Congo DR,COD,Defender,22,4,409.64515,23.0,12.0,9.0,2.6364281378651744,5.053153930908251,1.9773211033988807
419062,Chris RICHARDS,43921,USA,USA,Defender,3,4,419.95593333333335,22.0,11.0,4.0,2.3573901960189794,4.714780392037959,0.8572327985523559
431196,Cristian ROMERO,43922,Argentina,ARG,Defender,13,7,685.9859166666668,52.0,22.0,11.0,2.886356631957094,6.822297493716768,1.443178315978547
335656,DANILO,43924,Brazil,BRA,Defender,13,5,471.82455,50.0,8.0,3.0,1.525990964226003,9.537443526412519,0.5722466115847512
409241,DINEY BORGES,43850,Cabo Verde,CPV,Defender,3,4,445.4629666666667,29.0,16.0,5.0,3.2325919498433424,5.859072909091059,1.0101849843260446
367981,DOUGLAS SANTOS,43924,Brazil,BRA,Defender,16,5,505.65366666666665,111.0,42.0,21.0,7.475472342400365,19.75660547634382,3.7377361712001824
431200,Daniel MUNOZ,43926,Colombia,COL,Defender,2,5,451.55219999999997,64.0,20.0,11.0,3.98625009467344,12.756000302955007,2.192437552070392
316002,David ALABA,43934,Austria,AUT,Defender,8,4,302.36645,28.0,9.0,5.0,2.678868637707656,8.334257983979374,1.488260354282031
483505,David MOLLER WOLFE,43961,Norway,NOR,Defender,5,5,477.59751666666665,70.0,22.0,13.0,4.14575019949678,13.19102336203521,2.4497614815208246
386013,Davinson SANCHEZ,43926,Colombia,COL,Defender,23,5,541.2107833333333,32.0,18.0,20.0,2.9932884744505124,5.321401732356466,3.325876082722791
389876,Dayot UPAMECANO,43946,France,FRA,Defender,4,8,740.7061,73.0,32.0,17.0,3.8881818308233185,8.869914801565695,2.065596597624888
436612,Denzel DUMFRIES,43960,Netherlands,NED,Defender,22,4,432.60131666666666,74.0,8.0,24.0,1.6643499967772484,15.395237470189546,4.993049990331745
371958,Derek CORNELIUS,43899,Canada,CAN,Defender,13,4,351.42331666666666,29.0,6.0,4.0,1.5366083421044106,7.426940320171318,1.0244055614029406
520037,Derrick LUCKASSEN,43860,Ghana,GHA,Defender,23,2,205.15231666666665,8.0,4.0,2.0,1.754793734963916,3.509587469927832,0.877396867481958
506471,Deveron FONVILLE,1895293,Curaçao,CUW,Defender,24,3,260.45285,73.0,19.0,9.0,6.5654877648679975,25.2252950965981,3.109967888621683
506329,Djed SPENCE,43942,England,ENG,Defender,25,8,476.1069333333333,135.0,28.0,25.0,5.292928591392074,25.51947713706893,4.725829099457209
389437,EHSAN HADDAD,43820,Jordan,JOR,Defender,23,3,287.62228333333337,80.0,18.0,13.0,5.632386966772451,25.032830963433113,4.067835031557881
400634,Edson ALVAREZ,43911,Mexico,MEX,Defender,4,4,278.97153333333335,37.0,13.0,3.0,4.193976302958509,11.93670178534345,0.9678406852981175
464865,El Hadji Malick DIOUF,43879,Senegal,SEN,Defender,25,3,202.77445,37.0,5.0,14.0,2.2192145016297666,16.422187312060274,6.213800604563346
519958,Elliot STROUD,43970,Sweden,SWE,Defender,24,4,183.67756666666665,61.0,7.0,9.0,3.429923487299393,29.889333246466137,4.409901626527791
486268,Emmanuel AGBADOU,43854,Côte d'Ivoire,CIV,Defender,20,3,308.62403333333333,28.0,8.0,4.0,2.332935618213358,8.165274663746752,1.166467809106679
403049,Ezri KONSA,43942,England,ENG,Defender,2,8,739.9730333333333,77.0,22.0,15.0,2.675773184707497,9.36520614647624,1.8243908077551116
418963,Facundo MEDINA,43922,Argentina,ARG,Defender,25,5,350.0819333333333,63.0,15.0,14.0,3.8562401296915447,16.19620854470449,3.599157454378775
463580,Finn SURMAN,43978,New Zealand,NZL,Defender,16,3,306.77251666666666,28.0,11.0,5.0,3.2271469776926454,8.214555943217643,1.4668849898602934
430601,GABRIEL MAGALHAES,43924,Brazil,BRA,Defender,3,5,520.8456000000001,23.0,8.0,8.0,1.3823674424819945,3.974306397135734,1.3823674424819945
483276,Gabriel GUDMUNDSSON,43970,Sweden,SWE,Defender,5,4,356.02708333333334,58.0,14.0,13.0,3.5390566026695067,14.6618059253451,3.2862668453359705
407343,Ghislain KONAN,43854,Côte d'Ivoire,CIV,Defender,3,3,303.6422166666667,67.0,12.0,14.0,3.556817664737331,19.858898628116766,4.14962060886022
441333,Gideon MENSAH,43860,Ghana,GHA,Defender,14,4,414.31466666666665,63.0,18.0,10.0,3.9100715720096804,13.685250502033881,2.1722619844498228
402926,Gonzalo MONTIEL,43922,Argentina,ARG,Defender,4,6,241.71780000000007,21.0,7.0,3.0,2.6063450850537273,7.8190352551611815,1.1170050364515975
359634,Grant Hanley,43967,Scotland,SCO,Defender,5,2,203.89001666666667,11.0,2.0,2.0,0.8828289042433907,4.855558973338648,0.8828289042433907
486317,Guela DOUE,43854,Côte d'Ivoire,CIV,Defender,17,4,311.1920166666667,78.0,19.0,12.0,5.494999577163531,22.5584193167766,3.470526048734862
368660,Guillermo VARELA,43930,Uruguay,URU,Defender,13,3,313.2592666666667,20.0,5.0,8.0,1.4365097792265362,5.746039116906145,2.2984156467624577
483304,Gustaf LAGERBIELKE,43970,Sweden,SWE,Defender,2,4,400.9159166666667,50.0,14.0,8.0,3.1428036344279167,11.224298694385418,1.7958877911016669
369744,Gustavo GOMEZ,43928,Paraguay,PAR,Defender,15,5,554.4526166666667,31.0,10.0,9.0,1.6232225675310938,5.03198995934639,1.4609003107779845
463902,Gustavo PUERTA,43926,Colombia,COL,Defender,14,5,520.12345,147.0,30.0,22.0,5.191075311063171,25.43626902420954,3.8067885614463255
486875,Gustavo VELAZQUEZ,43928,Paraguay,PAR,Defender,2,5,293.80675,24.0,3.0,3.0,0.9189713987170137,7.35177118973611,0.9189713987170137
403335,HASSAN ALTAMBAKTI,43835,Saudi Arabia,KSA,Defender,5,3,237.72068333333334,26.0,7.0,5.0,2.650169060454072,9.843485081686554,1.8929779003243372
489550,HUSAM ABUDAHAB,43820,Jordan,JOR,Defender,4,2,190.9975,42.0,14.0,4.0,6.596944986190918,19.790834958572756,1.8848414246259768
448363,Hannes DELCROIX,43908,Haiti,HAI,Defender,5,3,306.90215,21.0,9.0,9.0,2.6392776981197428,6.158314628946066,2.6392776981197428
430442,Harry SOUTTAR,43976,Australia,AUS,Defender,19,4,438.20265000000006,18.0,6.0,4.0,1.2323065595335856,3.6969196786007563,0.8215377063557238
403274,Hiroki ITO,43819,Japan,JPN,Defender,21,4,405.81909999999993,34.0,14.0,23.0,3.1048316848566273,7.540305520366095,5.100794910835888
512791,ISSA LAYE,43834,Qatar,QAT,Defender,4,3,310.32276666666667,30.0,6.0,7.0,1.7401236970152474,8.700618485076237,2.030144313184455
506039,Ime OKON,43883,South Africa,RSA,Defender,21,4,402.1005333333334,22.0,5.0,3.0,1.1191231115004736,4.9241416906020845,0.6714738669002842
483312,Isak HIEN,43970,Sweden,SWE,Defender,4,3,237.63005,13.0,8.0,13.0,3.0299198270589094,4.923619718970728,4.923619718970728
430671,Ismail JAKOBS,43879,Senegal,SEN,Defender,14,3,257.1438,51.0,10.0,13.0,3.499987166713722,17.849934550239983,4.549983316727839
441261,Israel REYES,43911,Mexico,MEX,Defender,15,4,237.23881666666668,11.0,2.0,3.0,0.7587291259040029,4.173010192472016,1.1380936888560043
403083,Issa Diop,43872,Morocco,MAR,Defender,14,5,534.4722666666667,22.0,3.0,4.0,0.5051712068876913,3.7045888505097366,0.6735616091835884
368649,JOAO CANCELO,43963,Portugal,POR,Defender,20,5,342.90718333333336,66.0,13.0,13.0,3.412002013567228,17.322471761187465,3.412002013567228
430147,Jack Hendry,43967,Scotland,SCO,Defender,13,3,306.7999,15.0,4.0,2.0,1.1734032507833283,4.400262190437481,0.5867016253916641
430450,Jacob ITALIANO,43976,Australia,AUS,Defender,4,2,183.24768333333333,83.0,14.0,6.0,6.875939586685089,40.76449897820446,2.9468312514364667
489517,Jan Paul VAN HECKE,43960,Netherlands,NED,Defender,6,4,432.60131666666666,56.0,17.0,11.0,3.536743743151652,11.650449977440738,2.2884812455687165
463809,Jarell QUANSAH,43942,England,ENG,Defender,26,3,208.85296666666667,38.0,18.0,30.0,7.756653045707275,16.37515642982647,12.927755076178792
431781,Jean-Kevin DUVERNE,43908,Haiti,HAI,Defender,22,2,186.09703333333334,56.0,9.0,3.0,4.352568042012491,27.082645594744392,1.4508560140041638
486150,Jerome OPOKU,43860,Ghana,GHA,Defender,18,3,313.8529,10.0,7.0,8.0,2.0073097938556566,2.8675854197937953,2.294068335835036
402772,Jesus GALLARDO,43911,Mexico,MEX,Defender,23,5,431.4214333333333,69.0,19.0,7.0,3.963641738399182,14.39427789208124,1.460289061515488
441622,Jhon LUCUMI,43926,Colombia,COL,Defender,3,5,538.5115333333333,29.0,12.0,11.0,2.005528077207384,4.846692853251177,1.8384007374401021
480310,Jiovany RAMOS,43914,Panama,PAN,Defender,13,2,186.41256666666666,29.0,18.0,3.0,8.690401237255644,14.001201993356313,1.4484002062092738
463465,Joel ORDONEZ,43927,Ecuador,ECU,Defender,4,3,253.95265,18.0,5.0,7.0,1.771983871796573,6.379141938467663,2.4807774205152024
394500,Johan MOJICA,43926,Colombia,COL,Defender,17,4,442.13250000000005,45.0,3.0,11.0,0.6106766636698274,9.16014995504741,2.239147766789367
425701,Johan VASQUEZ,43911,Mexico,MEX,Defender,5,4,412.8016,14.0,6.0,7.0,1.3081344645950985,3.0523137507218965,1.5261568753609482
369434,John STONES,43942,England,ENG,Defender,5,5,380.0392,17.0,3.0,5.0,0.7104530269509041,4.025900486055123,1.1840883782515066
494351,Jonas ADJETEY,43860,Ghana,GHA,Defender,4,3,257.2873166666667,19.0,6.0,3.0,2.098820909619913,6.646266213796391,1.0494104548099565
401378,Jonathan TAH,43948,Germany,GER,Defender,4,4,419.80853333333334,27.0,9.0,5.0,1.929451013223806,5.788353039671418,1.071917229568781
423522,Jordan BOS,43976,Australia,AUS,Defender,5,4,343.94795000000005,84.0,21.0,23.0,5.495017487384355,21.98006994953742,6.018352486182865
403596,Jorge SANCHEZ,43911,Mexico,MEX,Defender,2,4,388.0640000000001,87.0,21.0,16.0,4.8703306671064555,20.17708419229817,3.7107281273192045
520066,Jose CANALE,43928,Paraguay,PAR,Defender,13,4,198.4358166666667,17.0,4.0,2.0,1.8141886179989848,7.710301626495685,0.9070943089994924
418715,Jose CORDOBA,43914,Panama,PAN,Defender,3,3,303.7823333333333,21.0,12.0,7.0,3.555177116948868,6.22155995466052,2.073853318220173
401023,Joshua BRENET,1895293,Curaçao,CUW,Defender,20,2,193.20503333333335,65.0,6.0,17.0,2.7949582403909075,30.278714270901496,7.919048347774238
386413,Joshua KIMMICH,43948,Germany,GER,Defender,6,4,392.5518666666667,55.0,9.0,26.0,2.0634215979612374,12.609798654207562,5.960995727443574
433667,Josip STANISIC,43938,Croatia,CRO,Defender,2,4,413.65509999999995,75.0,17.0,19.0,3.6987335584645282,16.317942169696448,4.133878682989767
448171,Josip SUTALO,43938,Croatia,CRO,Defender,6,4,413.65509999999995,17.0,9.0,4.0,1.9581530603635735,3.6987335584645282,0.8702902490504771
479601,Juan Jose CACERES,43928,Paraguay,PAR,Defender,4,5,488.06975000000006,154.0,41.0,17.0,7.560394800128464,28.39758046877521,3.134797843955705
430707,Jules KOUNDE,43946,France,FRA,Defender,5,8,666.8922333333333,132.0,25.0,33.0,3.373858454991754,17.81397264235646,4.453493160589115
369749,Junior ALONSO,43928,Paraguay,PAR,Defender,6,5,456.2400166666667,140.0,16.0,31.0,3.156233445984809,27.61704265236708,6.115202301595567
431698,Jurien GAARI,1895293,Curaçao,CUW,Defender,3,2,180.07026666666667,30.0,14.0,8.0,6.997268473714335,14.994146729387863,3.998439127836763
407022,KARIM HAFEZ,43855,Egypt,EGY,Defender,15,3,198.56878333333333,36.0,13.0,4.0,5.892164822483427,16.316764123800258,1.8129737915333621
395088,KIM Minjae,43822,Korea Republic,KOR,Defender,4,3,268.94835,13.0,4.0,3.0,1.3385469737962699,4.350277664837877,1.0039102303472023
339820,Kalidou KOULIBALY,43879,Senegal,SEN,Defender,3,2,181.54228333333333,21.0,5.0,3.0,2.478761375793353,10.410797778332082,1.4872568254760117
405263,Kevin Danso,43934,Austria,AUT,Defender,3,4,284.35603333333336,23.0,8.0,2.0,2.532037008534254,7.2796063995359805,0.6330092521335635
463218,Khuliso MUDAU,43883,South Africa,RSA,Defender,20,4,402.1005333333334,82.0,16.0,32.0,3.5811939568015156,18.35361902860777,7.162387913603031
403642,Krepin DIATTA,43879,Senegal,SEN,Defender,15,4,459.91824999999994,44.0,13.0,7.0,2.5439303615370776,8.61022583904857,1.3698086562122727
483516,Kristoffer AJER,43961,Norway,NOR,Defender,3,5,554.9256166666667,29.0,8.0,12.0,1.2974711896071838,4.703333062326041,1.9462067844107755
423874,LEE Hanbeom,43822,Korea Republic,KOR,Defender,2,3,300.0228,41.0,22.0,5.0,6.599498438118703,12.299065271039401,1.4998860086633417
441170,Ladislav KREJCI,43995,Czechia,CZE,Defender,7,3,301.0626833333333,30.0,10.0,2.0,2.989410676990246,8.968232030970738,0.5978821353980491
419672,Leo OSTIGARD,43961,Norway,NOR,Defender,4,5,184.69578333333334,8.0,3.0,1.0,1.4618633686547795,3.8983023164127464,0.4872877895515933
405469,Liberato CACACE,43978,New Zealand,NZL,Defender,13,3,237.32469999999998,59.0,8.0,9.0,3.0338182245674385,22.374409406184864,3.4130455026383686
402921,Lisandro MARTINEZ,43922,Argentina,ARG,Defender,6,7,708.075,31.0,13.0,11.0,1.6523673339688592,3.9402605656180487,1.3981569748967269
480322,Luc DE FOUGEROLLES,43899,Canada,CAN,Defender,4,5,421.32191666666665,41.0,22.0,17.0,4.6994944285476095,8.758148707747818,3.6314275129686067
368860,Lucas Digne,43946,France,FRA,Defender,3,6,513.2927333333332,59.0,10.0,27.0,1.7533854300944065,10.344974037556998,4.734140661254898
504931,Lucas HERRINGTON,43976,Australia,AUS,Defender,25,2,232.60048333333336,11.0,4.0,4.0,1.5477181940507574,4.256225033639583,1.5477181940507574
332946,MARQUINHOS,43924,Brazil,BRA,Defender,4,5,520.8456,45.0,12.0,11.0,2.073551163722992,7.775816863961221,1.9007552334127429
479072,MERCHAS DOSKI,43818,Iraq,IRQ,Defender,23,3,303.8828666666667,65.0,25.0,4.0,7.404168667620396,19.25083853581303,1.1846669868192632
408950,MOHAMED HANY,43855,Egypt,EGY,Defender,3,5,546.8373,90.0,11.0,10.0,1.8104105188142796,14.812449699389562,1.645827744376618
419303,MOTEB ALHARBI,43835,Saudi Arabia,KSA,Defender,24,3,213.11866666666668,64.0,2.0,11.0,0.8445998786278693,27.02719611609182,4.6452993324532805
405178,Manuel AKANJI,43971,Switzerland,SUI,Defender,5,6,673.6380666666668,44.0,21.0,15.0,2.805660923160419,5.878527648526592,2.004043516543156
430735,Marc CUCURELLA,43969,Spain,ESP,Defender,24,8,857.4236500000001,113.0,26.0,21.0,2.7291059676275546,11.861114397765911,2.2042778969299484
405841,Marc GUEHI,43942,England,ENG,Defender,6,8,761.0425166666666,32.0,7.0,8.0,0.8278118320634342,3.7842826608614133,0.9460706652153533
382739,Marcos LLORENTE,43969,Spain,ESP,Defender,5,3,217.34131666666667,43.0,12.0,12.0,4.969142621218131,17.806094392698306,4.969142621218131
494625,Marcus HOLMGREN PEDERSEN,43961,Norway,NOR,Defender,16,4,273.42813333333334,50.0,12.0,7.0,3.9498495887523886,16.45770661980162,2.3040789267722266
448174,Marin PONGRACIC,43938,Croatia,CRO,Defender,3,3,311.63829999999996,13.0,7.0,6.0,2.0215743700308986,3.754352401485954,1.7327780314550556
489300,Martin EXPERIENCE,43908,Haiti,HAI,Defender,8,3,306.90215,91.0,26.0,26.0,7.624580016790368,26.686030058766285,7.624580016790368
520039,Marvin SENAYA,43860,Ghana,GHA,Defender,26,4,312.75865,89.0,24.0,34.0,6.906283807018608,25.610802451027336,9.783902059943026
402893,Mathias OLIVERA,43930,Uruguay,URU,Defender,16,3,313.2592666666667,42.0,18.0,20.0,5.17143520521553,12.066682145502904,5.746039116906145
405881,Maxence Lacroix,43946,France,FRA,Defender,26,3,276.5174833333333,31.0,13.0,1.0,4.231197195548034,10.08977792784531,0.32547670734984874
448373,Maxim DE CUYPER,43935,Belgium,BEL,Defender,5,6,492.7201166666667,77.0,19.0,18.0,3.4705301085907223,14.064779913762399,3.2878706291912105
504199,Mbekezeli MBOKAZI,43883,South Africa,RSA,Defender,14,4,402.1005333333334,49.0,16.0,9.0,3.5811939568015156,10.967406492704642,2.0144216007008526
441179,Merih DEMIRAL,43972,Türkiye,TUR,Defender,3,2,208.81293333333332,9.0,3.0,3.0,1.2930233567907992,3.8790700703723973,1.2930233567907992
261367,Michael BOXALL,43978,New Zealand,NZL,Defender,5,3,237.04723333333334,21.0,12.0,4.0,4.556054018488861,7.973094532355507,1.5186846728296204
448140,Micky VAN DE VEN,43960,Netherlands,NED,Defender,15,3,291.4253,87.0,13.0,8.0,4.014750949900369,26.867948664717854,2.470615969169458
390537,Milad MOHAMMADI,43817,IR Iran,IRN,Defender,5,3,235.64893333333333,62.0,22.0,23.0,8.40232956709048,23.6792924163459,8.784253638321864
425607,Mohamed Amine BEN HMIDA,43888,Tunisia,TUN,Defender,21,3,221.79108333333335,30.0,11.0,7.0,4.463660058470941,12.173618341284385,2.84051094629969
466585,Moise BOMBITO,43899,Canada,CAN,Defender,15,3,221.12650000000002,11.0,2.0,4.0,0.8140136980416186,4.477075339228902,1.6280273960832372
433380,Montassar TALBI,43888,Tunisia,TUN,Defender,3,3,298.7354833333333,17.0,6.0,5.0,1.8076192154162694,5.121587777012763,1.5063493461802246
430690,Moussa Niakhate,43879,Senegal,SEN,Defender,19,4,459.91824999999994,21.0,4.0,12.0,0.7827478035498702,4.109425968636818,2.3482434106496104
433195,NUNO MENDES,43963,Portugal,POR,Defender,25,5,447.5041,78.0,16.0,10.0,3.2178476130162834,15.68700711345438,2.0111547581351767
402925,Nahuel MOLINA,43922,Argentina,ARG,Defender,26,7,592.58425,128.0,26.0,27.0,3.948805591778722,19.44027368260294,4.100682729924057
336088,Nathan AKE,43960,Netherlands,NED,Defender,5,3,189.96725000000004,19.0,4.0,8.0,1.8950634912070365,9.001551583233423,3.790126982414073
514166,Nathan NGOY,43935,Belgium,BEL,Defender,25,4,376.6632166666667,30.0,15.0,10.0,3.584103624311957,7.168207248623914,2.3894024162079712
433694,Nathan PATTERSON,43967,Scotland,SCO,Defender,22,3,204.07143333333335,37.0,9.0,7.0,3.9691983673037363,16.317815510026474,3.0871542856806835
511015,Nathaniel BROWN,43948,Germany,GER,Defender,18,3,319.2588166666667,64.0,21.0,3.0,5.9199618031953065,18.041788352595223,0.8457088290279009
398509,Nico ELVEDI,43971,Switzerland,SUI,Defender,4,6,673.6380666666668,48.0,12.0,8.0,1.6032348132345249,6.4129392529380995,1.0688232088230167
463780,Nico OREILLY,43942,England,ENG,Defender,3,7,523.8012333333332,119.0,25.0,19.0,4.295522531861164,20.446687251659142,3.2645971242144842
310116,Nicolas OTAMENDI,43922,Argentina,ARG,Defender,19,7,308.27203333333335,18.0,8.0,3.0,2.335599477560998,5.255098824512245,0.8758498040853744
308322,Nicolas TAGLIAFICO,43922,Argentina,ARG,Defender,3,7,543.3537,98.0,25.0,14.0,4.140949072399802,16.23252036380722,2.3189314805438888
489520,Nikola KATIC,44037,Bosnia and Herzegovina,BIH,Defender,18,4,353.46441666666664,43.0,18.0,14.0,4.5832053344360695,10.94876829893061,3.5647152601169423
411680,Noussair MAZRAOUI,43872,Morocco,MAR,Defender,3,6,542.1143,59.0,20.0,29.0,3.3203329998858178,9.794982349663162,4.814482849834436
477825,Odilon KOSSOUNOU,43854,Côte d'Ivoire,CIV,Defender,7,4,316.45065,15.0,6.0,2.0,1.7064272106883018,4.266068026720754,0.5688090702294338
431202,Omar ALDERETE,43928,Paraguay,PAR,Defender,3,4,363.09106666666673,9.0,3.0,6.0,0.7436151004174157,2.2308453012522476,1.4872302008348315
433367,Omar Rekik,43888,Tunisia,TUN,Defender,4,2,200.57511666666664,17.0,5.0,5.0,2.2435484893564817,7.628064863812038,2.2435484893564817
416051,PEDRO MIGUEL,43834,Qatar,QAT,Defender,2,3,310.32276666666667,36.0,8.0,6.0,2.3201649293536635,10.440742182091485,1.7401236970152474
477770,PICO LOPES,43850,Cabo Verde,CPV,Defender,4,4,445.4629666666667,36.0,9.0,6.0,1.8183329717868801,7.2733318871475205,1.2122219811912534
474973,Pau CUBARSI,43969,Spain,ESP,Defender,22,8,857.4236500000001,33.0,13.0,14.0,1.3645529838137773,3.463865266604204,1.4695185979532988
430144,Pedro PORRO,43969,Spain,ESP,Defender,12,6,640.0823333333334,81.0,20.0,36.0,2.8121382301339355,11.38915983204244,5.061848814241084
372243,Philipp Lienhart,43934,Austria,AUT,Defender,15,2,207.58294999999998,11.0,4.0,1.0,1.7342464783355283,4.769177815422703,0.43356161958388206
424031,Piero HINCAPIE,43927,Ecuador,ECU,Defender,3,4,376.90566666666666,80.0,29.0,11.0,6.924809656173915,19.10292318944528,2.626651938548726
344661,RAMY RABIA,43855,Egypt,EGY,Defender,5,5,431.3935333333333,31.0,11.0,12.0,2.2948883641123965,6.467412662498573,2.5035145790317057
489704,RENATO VEIGA,43963,Portugal,POR,Defender,13,5,518.5802,45.0,11.0,9.0,1.9090586181269553,7.809785255973907,1.5619570511947813
384752,RUBEN DIAS,43963,Portugal,POR,Defender,3,4,418.13829999999996,27.0,6.0,12.0,1.2914387416794875,5.811474337557694,2.582877483358975
511009,Rafik BELGHALI,43843,Algeria,ALG,Defender,17,4,362.7103666666667,64.0,10.0,10.0,2.481318657283116,15.880439406611943,2.481318657283116
384797,Ramin REZAEIAN,43817,IR Iran,IRN,Defender,23,3,309.48558333333335,82.0,10.0,9.0,2.908051452046635,23.846021906782408,2.6172463068419716
395113,Ramy BENSEBAINI,43843,Algeria,ALG,Defender,21,4,403.12651666666665,36.0,11.0,7.0,2.4558047140783885,8.037179064256543,1.5627848180498838
431858,Rayan AIT-NOURI,43843,Algeria,ALG,Defender,15,4,315.7954833333333,70.0,25.0,12.0,7.124864409872022,19.949620347641662,3.419934916738571
485767,Redouane HALHAL,43872,Morocco,MAR,Defender,25,2,208.51815,12.0,9.0,4.0,3.8845539345136144,5.1794052460181526,1.7264684153393843
439641,Reece JAMES,43942,England,ENG,Defender,24,5,368.5178166666666,66.0,18.0,5.0,4.395988271756559,16.118623663107382,1.2211078532657107
275917,Ricardo Ade,43908,Haiti,HAI,Defender,4,3,306.90215,24.0,5.0,3.0,1.4662653878443015,7.038073861652647,0.8797592327065809
313559,Ricardo RODRIGUEZ,43971,Switzerland,SUI,Defender,13,6,567.6545666666667,60.0,16.0,24.0,2.536754013018598,9.512827548819741,3.805131019527897
431696,Richie LARYEA,43899,Canada,CAN,Defender,22,5,475.81683333333336,79.0,28.0,22.0,5.2961556285139135,14.942724809021398,4.161265136689503
486080,Robin HRANAC,43995,Czechia,CZE,Defender,4,3,301.0626833333333,37.0,15.0,15.0,4.484116015485369,11.06081950486391,4.484116015485369
371415,Rustam ASHURMATOV,44005,Uzbekistan,UZB,Defender,5,3,288.0335333333333,32.0,9.0,17.0,2.8121725641667186,9.998835783703889,5.311881510092691
419281,SAUD ABDULHAMID,43835,Saudi Arabia,KSA,Defender,12,3,300.7658,76.0,18.0,11.0,5.386250697386472,22.7419473889651,3.2915976484028437
429608,SEOL Youngwoo,43822,Korea Republic,KOR,Defender,22,3,274.67033333333336,41.0,6.0,6.0,1.9659931724212416,13.43428667821182,1.9659931724212416
477832,SIDNY LOPES CABRAL,43850,Cabo Verde,CPV,Defender,13,3,324.2809166666667,77.0,9.0,22.0,2.497834310838005,21.370360214947375,6.1058172042706795
477847,STEVEN MOREIRA,43850,Cabo Verde,CPV,Defender,22,4,346.0891333333334,77.0,7.0,9.0,1.8203403092498134,20.023743401747947,2.3404375404640456
376230,Sead KOLASINAC,44037,Bosnia and Herzegovina,BIH,Defender,5,4,373.84076666666664,49.0,17.0,10.0,4.092651568319239,11.796466285155454,2.4074420990113174
419108,Sebastian CACERES,43930,Uruguay,URU,Defender,3,3,313.2592666666667,31.0,13.0,8.0,3.7349254259889944,8.906360631204524,2.2984156467624577
406280,Sergino DEST,43921,USA,USA,Defender,2,5,335.66993333333335,97.0,9.0,14.0,2.413084758460146,26.007691285626017,3.753687402049116
466350,Sherel FLORANUS,1895293,Curaçao,CUW,Defender,5,3,300.2891666666667,95.0,25.0,16.0,7.492777794736739,28.47255561999961,4.795377788631513
479075,Sherzod NASRULLAEV,44005,Uzbekistan,UZB,Defender,13,3,206.30771666666664,42.0,9.0,5.0,3.9261740330766437,18.322145487691003,2.1812077961536906
390541,Shogo TANIGUCHI,43819,Japan,JPN,Defender,3,3,267.5332333333333,11.0,4.0,3.0,1.3456272161576937,3.700474844433657,1.0092204121182702
346743,Shoja KHALILZADEH,43817,IR Iran,IRN,Defender,4,3,309.48558333333335,26.0,12.0,8.0,3.4896617424559624,7.560933775321251,2.326441161637308
356412,Silvan WIDMER,43971,Switzerland,SUI,Defender,3,5,210.77998333333335,59.0,13.0,11.0,5.550811711327111,25.192145459099965,4.6968406788152475
441067,Stefan POSCH,43934,Austria,AUT,Defender,5,4,370.8797333333333,103.0,29.0,10.0,7.037321712195652,24.994625391591455,2.426662659377811
504329,Steve KAPUADI,20014,Congo DR,COD,Defender,3,2,201.61121666666668,18.0,6.0,6.0,2.6784224058962325,8.035267217688698,2.6784224058962325
489521,Stjepan RADELJIC,44037,Bosnia and Herzegovina,BIH,Defender,21,2,211.59571666666665,9.0,4.0,1.0,1.701357691314325,3.828054805457231,0.4253394228285812
403289,Takehiro TOMIYASU,43819,Japan,JPN,Defender,22,3,208.4399,24.0,11.0,4.0,4.749570499697995,10.362699272068351,1.7271165453447255
484022,Tarik MUHAREMOVIC,44037,Bosnia and Herzegovina,BIH,Defender,4,3,292.6953,25.0,11.0,10.0,3.3823570108573664,7.687175024675832,3.074870009870333
408042,Theo HERNANDEZ,43946,France,FRA,Defender,19,5,296.7847,57.0,11.0,26.0,3.335751472363636,17.28525762952066,7.8845034801322305
358122,Thomas MEUNIER,43935,Belgium,BEL,Defender,15,3,226.56786666666665,48.0,9.0,17.0,3.5750877294161754,19.067134556886266,6.75294348889722
331463,Tim PAYNE,43978,New Zealand,NZL,Defender,2,3,241.8867,57.0,9.0,5.0,3.3486752268727464,21.20827643686073,1.8603751260404149
339510,Tim REAM,43921,USA,USA,Defender,13,4,419.95593333333335,16.0,6.0,3.0,1.285849197828534,3.4289311942094236,0.642924598914267
411443,Timothy CASTAGNE,43935,Belgium,BEL,Defender,21,6,546.7098,127.0,24.0,24.0,3.95090777593524,20.906886980990645,3.95090777593524
491244,Torbjorn HEGGEM,43961,Norway,NOR,Defender,17,5,503.2486666666667,30.0,10.0,2.0,1.7883802970830853,5.365140891249256,0.35767605941661706
395283,Victor LINDELOF,43970,Sweden,SWE,Defender,3,4,390.7919166666667,24.0,10.0,5.0,2.303015905949948,5.5272381742798755,1.151507952974974
397786,Virgil VAN DIJK,43960,Netherlands,NED,Defender,4,4,432.60131666666666,11.0,4.0,10.0,0.8321749983886242,2.2884812455687165,2.08043749597156
472908,Vladimir COUFAL,43995,Czechia,CZE,Defender,5,3,301.0626833333333,49.0,10.0,5.0,2.989410676990246,14.648112317252204,1.494705338495123
430854,Wilfried SINGO,43854,Côte d'Ivoire,CIV,Defender,5,2,190.212,24.0,12.0,13.0,5.677875212920321,11.355750425840641,6.151031480663681
419177,William SALIBA,43946,France,FRA,Defender,17,6,533.55995,28.0,14.0,14.0,2.361496585341535,4.72299317068307,2.361496585341535
448290,Willian PACHO,43927,Ecuador,ECU,Defender,6,4,407.5486833333333,51.0,12.0,10.0,2.6499901586399432,11.262458174219761,2.208325132199953
369267,YASSER IBRAHIM,43855,Egypt,EGY,Defender,2,5,533.0749166666666,46.0,24.0,21.0,4.051963302844082,7.766262997117823,3.5454678899885717
431225,YAZAN ALARAB,43820,Jordan,JOR,Defender,5,3,309.44849999999997,28.0,16.0,10.0,4.653439910033495,8.143519842558618,2.908399943770935
419189,Yan Valery,43888,Tunisia,TUN,Defender,20,3,274.07061666666664,68.0,10.0,13.0,3.2838252087950326,22.330011419806223,4.268972771433543
405528,Yukinari Sugawara,43819,Japan,JPN,Defender,2,4,181.66254999999998,36.0,4.0,5.0,1.9816962824753919,17.83526654227853,2.47712035309424
411624,ABDULLAH ALKHAIBARI,43835,Saudi Arabia,KSA,Midfielder,15,3,203.31955000000002,81.0,7.0,8.0,3.0985706981940493,35.854889507673995,3.5412236550789133
433074,AMIR ALAMMARI,43818,Iraq,IRQ,Midfielder,16,3,279.24181666666664,64.0,19.0,19.0,6.1237246642083045,20.6272830794385,6.1237246642083045
464933,Abbosbek FAYZULLAEV,44005,Uzbekistan,UZB,Midfielder,22,3,240.24848333333333,137.0,27.0,17.0,10.114527951581243,51.32186405061593,6.368406488032634
402047,Adrien RABIOT,43946,France,FRA,Midfielder,14,7,657.8955333333333,143.0,38.0,14.0,5.1983937064780195,19.56237631648307,1.915197681334007
402876,Agustin CANOBBIO,43930,Uruguay,URU,Midfielder,14,3,261.5036166666667,107.0,16.0,16.0,5.50661600155052,36.8254945103691,5.50661600155052
430440,Aiden ONEILL,43976,Australia,AUS,Midfielder,13,4,406.97360000000003,105.0,15.0,25.0,3.317168484638807,23.22017939247165,5.528614141064677
479106,Akmal MOZGOVOY,44005,Uzbekistan,UZB,Midfielder,6,3,243.95411666666666,83.0,8.0,5.0,2.9513746676543753,30.620512176914144,1.8446091672839844
389784,Alan FRANCO,43927,Ecuador,ECU,Midfielder,21,4,270.5445833333333,40.0,14.0,9.0,4.657273061895221,13.306494462557774,2.9939612540754994
484849,Aleksandar PAVLOVIC,43948,Germany,GER,Midfielder,5,4,300.04376666666667,76.0,20.0,27.0,5.999124794349447,22.796674218527897,8.098818472371752
447860,Alex BAENA,43969,Spain,ESP,Midfielder,15,7,522.9011166666667,152.0,25.0,24.0,4.302916800681276,26.161734148142155,4.130800128654025
430628,Alexis MAC ALLISTER,43922,Argentina,ARG,Midfielder,20,8,869.10485,239.0,37.0,36.0,3.831528497395912,24.749602996692513,3.727973673141969
494640,Amar MEMIC,44037,Bosnia and Herzegovina,BIH,Midfielder,15,4,254.35191666666665,54.0,10.0,13.0,3.538404631640611,19.1073850108593,4.599926021132794
494626,Andreas SCHJELDERUP,43961,Norway,NOR,Midfielder,21,6,297.8012333333333,68.0,14.0,18.0,4.231010012606843,20.55062006123324,5.439870016208799
385306,Andres CUBAS,43928,Paraguay,PAR,Midfielder,14,5,554.4526166666667,231.0,57.0,43.0,9.252368634927233,37.49644130996826,6.979857040383703
433361,Anis SLIMANE,43888,Tunisia,TUN,Midfielder,25,3,257.30771666666664,92.0,5.0,5.0,1.7488787582028085,32.17936915093167,1.7488787582028085
448531,Antoine SEMENYO,43860,Ghana,GHA,Midfielder,11,4,414.31466666666665,123.0,20.0,26.0,4.3445239688996455,26.718822408732816,5.647881159569538
400514,Ao TANAKA,43819,Japan,JPN,Midfielder,7,3,225.29958333333332,89.0,34.0,12.0,13.581915930455562,35.55266228854544,4.7936173872196095
405893,Aurelien TCHOUAMENI,43946,France,FRA,Midfielder,8,4,407.2889666666666,68.0,20.0,23.0,4.419466637487275,15.026186567456735,5.082386633110366
485760,Ayyoub BOUADDI,43872,Morocco,MAR,Midfielder,6,5,425.1304,113.0,36.0,23.0,7.6211910510281085,23.92207191017156,4.869094282601291
441307,Azzedine OUNAHI,43872,Morocco,MAR,Midfielder,8,6,477.21636666666666,199.0,17.0,26.0,3.2060928896613,37.530146178976395,4.903436184187871
395206,BRUNO FERNANDES,43963,Portugal,POR,Midfielder,8,5,471.5916666666667,247.0,20.0,27.0,3.81686133837536,47.1382375289357,5.152762806806735
430605,BRUNO GUIMARAES,43924,Brazil,BRA,Midfielder,8,5,458.66215,159.0,15.0,37.0,2.943342937715702,31.19943513978644,7.2602459130320645
483966,Benjamin TAHIROVIC,44037,Bosnia and Herzegovina,BIH,Midfielder,6,4,266.59274999999997,84.0,10.0,11.0,3.37593576719547,28.357860444441947,3.713529343915017
448612,Bilal EL KHANNOUSS,43872,Morocco,MAR,Midfielder,23,6,501.40958333333333,127.0,19.0,15.0,3.410385554723642,22.795735023679082,2.692409648466033
464533,Brian GUTIERREZ,43911,Mexico,MEX,Midfielder,26,4,226.1673166666667,69.0,9.0,16.0,3.5814193312193128,27.457548206014735,6.366967699945445
308386,CASEMIRO,43924,Brazil,BRA,Midfielder,5,5,425.69913333333335,103.0,26.0,20.0,5.496839943453021,21.775942852910042,4.228338418040785
506279,Caleb YIRENKYI,43860,Ghana,GHA,Midfielder,3,4,307.58543333333336,128.0,14.0,12.0,4.096422858342988,37.45300899056446,3.5112195928654186
494293,Chemsdine TALBI,43872,Morocco,MAR,Midfielder,7,5,217.78018333333335,59.0,7.0,6.0,2.892825188946255,24.382383735404147,2.4795644476682184
514208,Christ Inao OULAI,43854,Côte d'Ivoire,CIV,Midfielder,26,4,240.67673333333335,82.0,20.0,21.0,7.478911546913134,30.66353734234385,7.852857124258791
430452,Connor METCALFE,43976,Australia,AUS,Midfielder,8,4,354.5715,180.0,11.0,28.0,2.7921025801566115,45.68895131165364,7.107170204035011
395581,Cristian MARTINEZ,43914,Panama,PAN,Midfielder,6,3,264.78991666666667,105.0,17.0,11.0,5.778165646413399,35.68867016902393,3.7388130653263167
477827,DEROY DUARTE,43850,Cabo Verde,CPV,Midfielder,14,4,300.7483500000001,137.0,26.0,13.0,7.780591314964818,40.99773115962231,3.890295657482409
448557,Daichi KAMADA,43819,Japan,JPN,Midfielder,15,4,359.58275,116.0,22.0,13.0,5.5063820497507185,29.033650807776514,3.2537712112163337
430407,Daizen MAEDA,43819,Japan,JPN,Midfielder,11,3,271.51321666666666,125.0,22.0,18.0,7.2924626812212265,41.43444705239334,5.96656037554464
476348,Damian BOBADILLA,43928,Paraguay,PAR,Midfielder,16,4,216.86845000000002,95.0,22.0,5.0,9.129958737658704,39.42482182170804,2.07499062219516
466838,Danley JEAN JACQUES,43908,Haiti,HAI,Midfielder,17,3,288.64438333333334,78.0,25.0,11.0,7.795059006575738,24.320584100516303,3.429825962893325
433097,Declan RICE,43942,England,ENG,Midfielder,4,7,622.0375333333334,120.0,18.0,11.0,2.604344453812701,17.36229635875134,1.5915438328855396
401448,Denis ZAKARIA,43971,Switzerland,SUI,Midfielder,6,4,392.03280000000007,63.0,23.0,19.0,5.280170434718727,14.463075538577382,4.361879924332861
463128,Diego GOMEZ,43928,Paraguay,PAR,Midfielder,8,4,332.37576666666666,147.0,37.0,23.0,10.018780952040927,39.804345944595035,6.227890862079496
411226,Djibril SOW,43971,Switzerland,SUI,Midfielder,15,4,276.7160166666667,54.0,5.0,8.0,1.6262159502753755,17.563132262974054,2.601945520440601
430482,EMAM ASHOUR,43855,Egypt,EGY,Midfielder,8,5,395.8297,72.0,12.0,19.0,2.7284460968947,16.3706765813682,4.3200396534166075
473113,Eberechi EZE,43942,England,ENG,Midfielder,21,5,247.7011333333333,59.0,0.0,6.0,0.0,21.4371243625046,2.180046545339451
400416,Edgar Yoel BARCENAS,43914,Panama,PAN,Midfielder,11,3,272.8433666666666,74.0,6.0,9.0,1.9791575166264506,24.409609371726226,2.968736274939676
405454,Elijah JUST,43978,New Zealand,NZL,Midfielder,11,3,291.59950000000003,152.0,18.0,19.0,5.555565081558781,46.91366068871859,5.864207586089824
481610,Elliot ANDERSON,43942,England,ENG,Midfielder,8,8,713.3772166666666,191.0,60.0,34.0,7.569627784346818,24.09664844683737,4.289455744463197
411658,Ellyes SKHIRI,43888,Tunisia,TUN,Midfielder,17,3,267.70141666666666,40.0,10.0,10.0,3.3619545656743814,13.447818262697526,3.3619545656743814
448252,Enzo FERNANDEZ,43922,Argentina,ARG,Midfielder,24,7,755.1817000000001,204.0,28.0,46.0,3.336945267609106,24.312029806866345,5.4821243682149605
419518,Erik LIRA,43911,Mexico,MEX,Midfielder,6,4,391.34568333333334,81.0,26.0,17.0,5.979368368315122,18.628032224366343,3.9095870100521957
448103,Fabian RIEDER,43971,Switzerland,SUI,Midfielder,22,5,332.84105000000005,210.0,30.0,19.0,8.11198017792577,56.783861245480374,5.137587446019653
430718,Fabian RUIZ,43969,Spain,ESP,Midfielder,8,8,366.81455000000005,82.0,10.0,9.0,2.4535558908445694,20.11915830492547,2.2082003017601126
477795,Fares CHAIBI,43843,Algeria,ALG,Midfielder,10,4,403.12651666666665,140.0,16.0,30.0,3.57207958411402,31.25569636099767,6.697649220213787
402884,Federico VALVERDE,43930,Uruguay,URU,Midfielder,8,3,272.8605166666666,76.0,8.0,19.0,2.6387108285057246,25.067752870804384,6.266938217701096
492363,Felix NMECHA,43948,Germany,GER,Midfielder,23,4,299.98248333333333,74.0,21.0,9.0,6.300367871479606,22.201296309023377,2.7001576592055456
430669,Florian WIRTZ,43948,Germany,GER,Midfielder,17,4,405.9256833333334,123.0,18.0,17.0,3.990878297468325,27.271001699366888,3.7691628364978627
371609,Franck KESSIE,43854,Côte d'Ivoire,CIV,Midfielder,8,4,389.5302333333334,135.0,13.0,13.0,3.0036179476697864,31.191417148878553,3.0036179476697864
483497,Fredrik AURSNES,43961,Norway,NOR,Midfielder,14,6,355.49224999999996,63.0,20.0,8.0,5.063401522818008,15.949714796876727,2.0253606091272034
422657,Frenkie DE JONG,43960,Netherlands,NED,Midfielder,21,4,360.22103333333337,85.0,22.0,7.0,5.49662517393256,21.23696089928489,1.7489261917058145
500037,Gilberto MORA,43911,Mexico,MEX,Midfielder,19,4,236.43435000000002,96.0,9.0,15.0,3.425898140435178,36.54291349797523,5.709830234058629
311558,Granit XHAKA,43971,Switzerland,SUI,Midfielder,10,6,673.6380666666668,116.0,18.0,28.0,2.4048522198517874,15.497936527933742,3.740881230880558
429095,HAMDY FATHY,43855,Egypt,EGY,Midfielder,14,4,260.76005,82.0,18.0,6.0,6.212608104654068,28.30188136564631,2.070869368218023
395084,HWANG Inbeom,43822,Korea Republic,KOR,Midfielder,6,3,286.9562166666667,62.0,10.0,20.0,3.1363669707335715,19.445475218548147,6.272733941467143
369304,Hakan CALHANOGLU,43972,Türkiye,TUR,Midfielder,10,2,208.81293333333332,28.0,5.0,11.0,2.1550389279846653,12.068217996714125,4.741085641566263
433378,Hannibal MEJBRI,43888,Tunisia,TUN,Midfielder,10,3,298.7354833333333,125.0,17.0,19.0,5.121587777012763,37.65873365450562,5.724127515484853
448343,Hans VANAKEN,43935,Belgium,BEL,Midfielder,20,6,362.2669833333333,145.0,8.0,12.0,1.9874844607009226,36.02315585020422,2.981226691051383
430698,Houssem Aouar,43843,Algeria,ALG,Midfielder,8,3,191.86515,61.0,7.0,8.0,3.283556185164424,28.61384675643284,3.7526356401879135
433585,IBRAHIM BAYESH,43818,Iraq,IRQ,Midfielder,8,3,259.6850166666667,120.0,14.0,14.0,4.8520319584604445,41.58884535823238,4.8520319584604445
494291,Ibrahim MAZA,43843,Algeria,ALG,Midfielder,22,4,389.37784999999997,153.0,14.0,25.0,3.23593137103202,35.3641071262785,5.7784488768428925
430831,Ibrahim SANGARE,43854,Côte d'Ivoire,CIV,Midfielder,18,4,305.26345000000003,114.0,29.0,23.0,8.54999181854231,33.61031266599391,6.781027994016315
332314,Idrissa Gana GUEYE,43879,Senegal,SEN,Midfielder,5,4,411.0321,91.0,23.0,24.0,5.036103019691163,19.925451077908512,5.2550640205473
448598,Ismael SAIBARI,43872,Morocco,MAR,Midfielder,11,5,411.81245,181.0,17.0,32.0,3.7152834985926235,39.556841955603815,6.993474820880233
482974,Ivan BASIC,44037,Bosnia and Herzegovina,BIH,Midfielder,13,3,200.80776666666662,39.0,8.0,5.0,3.585518687607203,17.479403602085114,2.240949179754502
372436,Ivan SUNJIC,44037,Bosnia and Herzegovina,BIH,Midfielder,14,4,221.36881666666665,78.0,21.0,20.0,8.537787880241188,31.711783555181555,8.131226552610656
401894,JAMIRO MONTEIRO,43850,Cabo Verde,CPV,Midfielder,10,4,314.9173166666667,110.0,23.0,12.0,6.573153937390655,31.436823178824874,3.4294716195081683
484141,JOAO NEVES,43963,Portugal,POR,Midfielder,15,5,450.59606666666673,192.0,28.0,19.0,5.5925920939389755,38.34920292986726,3.794973206601448
355775,Jackson IRVINE,43976,Australia,AUS,Midfielder,22,4,255.06915000000004,80.0,11.0,7.0,3.8813004238262443,28.227639446009047,2.4699184515257917
429642,Jamal MUSIALA,43948,Germany,GER,Midfielder,10,4,305.8442,107.0,19.0,13.0,5.591081995342727,31.486619657982725,3.8254771547081816
269058,James RODRIGUEZ,43926,Colombia,COL,Midfielder,10,5,338.71984999999995,146.0,8.0,7.0,2.125650445345911,38.79312062756287,1.859944139677672
430697,Jean-Ricner Bellegarde,43908,Haiti,HAI,Midfielder,10,3,292.5059666666667,89.0,17.0,13.0,5.2306625312144615,27.384056781063947,3.9999184062228244
395550,Jefferson LERMA,43926,Colombia,COL,Midfielder,16,5,459.2047666666666,77.0,8.0,13.0,1.5679279751959603,15.09130676126112,2.547882959693436
470760,Jhon ARIAS,43926,Colombia,COL,Midfielder,11,5,405.9166833333333,107.0,27.0,33.0,5.986450175058502,23.724080323379994,7.316772436182615
390181,Joe BELL,43978,New Zealand,NZL,Midfielder,6,3,275.5247333333333,98.0,22.0,27.0,7.186287692018455,32.011645173536756,8.819534894749921
502727,Johan MANZAMBI,43971,Switzerland,SUI,Midfielder,9,4,220.75888333333333,102.0,13.0,14.0,5.299899973825138,41.583830563858776,5.707584587196302
401334,John McGinn,43967,Scotland,SCO,Midfielder,7,3,277.69688333333335,89.0,3.0,5.0,0.9722831482984473,28.844400066187273,1.6204719138307457
411176,Jose Luis RODRIGUEZ,43914,Panama,PAN,Midfielder,7,3,251.01396666666665,88.0,12.0,20.0,4.302549433172311,31.552029176596946,7.170915721953852
419134,Juan Manuel SANABRIA,43930,Uruguay,URU,Midfielder,25,3,237.24518333333333,51.0,12.0,9.0,4.552252588759969,19.34707350222987,3.4141894415699765
448202,Jude BELLINGHAM,43942,England,ENG,Midfielder,10,8,698.7366166666665,234.0,31.0,22.0,3.992920842347918,30.14011216481977,2.8336857590856193
466317,Juninho BACUNA,1895293,Curaçao,CUW,Midfielder,7,3,280.02955,148.0,21.0,16.0,6.749287709100701,47.566408616519226,5.142314445029106
395321,Junya ITO,43819,Japan,JPN,Midfielder,14,4,242.72113333333328,77.0,5.0,6.0,1.8539794776831688,28.5512839563208,2.224775373219803
477852,KEVIN PINA,43850,Cabo Verde,CPV,Midfielder,6,4,389.87508333333335,93.0,23.0,22.0,5.30939290170078,21.468414776442284,5.0785497320616155
479294,Kaishu SANO,43819,Japan,JPN,Midfielder,24,3,303.75545,108.0,14.0,10.0,4.148073721804827,31.99942585392295,2.962909801289162
405522,Keito Nakamura,43819,Japan,JPN,Midfielder,13,4,330.25921666666665,80.0,11.0,9.0,2.997645334450167,21.801056977819396,2.452618910004682
358120,Kevin DE BRUYNE,43935,Belgium,BEL,Midfielder,7,5,412.94620000000003,145.0,13.0,14.0,2.8332988655665066,31.602179654395655,3.0512449321485464
385259,Konrad LAIMER,43934,Austria,AUT,Midfielder,20,4,412.32820000000004,149.0,32.0,19.0,6.984727214873976,32.52263609425695,4.147181783831423
507253,Kwasi SIBO,43860,Ghana,GHA,Midfielder,8,4,282.54819999999995,114.0,15.0,5.0,4.777945851362706,36.312388470356574,1.5926486171209022
480966,LAROS DUARTE,43850,Cabo Verde,CPV,Midfielder,15,4,187.66630000000004,97.0,4.0,13.0,1.9182985970310062,46.5187409780019,6.23447044035077
492315,LEE Gihyuk,43822,Korea Republic,KOR,Midfielder,3,3,300.0228,19.0,4.0,6.0,1.1999088069306731,5.699566832920698,1.79986321039601
418490,LEE Kangin,43822,Korea Republic,KOR,Midfielder,19,3,300.0228,81.0,4.0,11.0,1.1999088069306731,24.298153340346133,3.2997492190593514
411726,LUCAS PAQUETA,43924,Brazil,BRA,Midfielder,20,4,255.2108166666667,104.0,17.0,9.0,5.995043705370638,36.6755614916792,3.1738466675491614
464842,Lamine CAMARA,43879,Senegal,SEN,Midfielder,8,4,287.46425,124.0,20.0,11.0,6.261648187557236,38.82221876285486,3.4439065031564793
466340,Leandro BACUNA,1895293,Curaçao,CUW,Midfielder,10,3,300.2891666666667,110.0,17.0,18.0,5.095088900420983,32.96822229684165,5.394800012210452
332847,Leandro PAREDES,43922,Argentina,ARG,Midfielder,5,7,557.6169166666667,63.0,19.0,18.0,3.0666214544244306,10.16827113835469,2.9052203252441973
404353,Leroy SANE,43948,Germany,GER,Midfielder,19,4,360.78805000000006,84.0,15.0,10.0,3.7418090759935083,20.95413082556365,2.4945393839956727
442434,Lewis FERGUSON,43967,Scotland,SCO,Midfielder,19,3,306.7999,87.0,28.0,15.0,8.213822755483298,25.52152070453739,4.400262190437481
494989,Livano COMENENCIA,1895293,Curaçao,CUW,Midfielder,8,3,253.00663333333333,102.0,19.0,13.0,6.758716075823572,36.283633670210754,4.624384683458233
489689,Lucas BERGVALL,43970,Sweden,SWE,Midfielder,7,4,207.3285,60.0,13.0,10.0,5.643218370846266,26.045623250059688,4.340937208343282
430763,Luis ROMO,43911,Mexico,MEX,Midfielder,7,4,284.68021666666664,71.0,12.0,14.0,3.793730427234348,22.446238361136558,4.426018831773407
241559,Luka MODRIC,43938,Croatia,CRO,Midfielder,10,4,360.5137833333333,48.0,12.0,16.0,2.995724574007272,11.982898296029088,3.9942994320096963
461788,MARAWAN ATTIA,43855,Egypt,EGY,Midfielder,19,5,495.5316333333334,182.0,29.0,18.0,5.26707040364527,33.055407360808246,3.269216112607409
495046,MAURICIO,43928,Paraguay,PAR,Midfielder,11,4,208.43691666666672,75.0,4.0,10.0,1.727141265362861,32.38389872555364,4.317853163407153
407993,MOHAMED KANNO,43835,Saudi Arabia,KSA,Midfielder,23,3,256.5089833333334,84.0,14.0,10.0,4.912108666239693,29.47265199743816,3.5086490473140666
433469,MOHANAD LASHIN,43855,Egypt,EGY,Midfielder,17,4,409.74681666666663,156.0,42.0,23.0,9.2252089491523,34.265061811137116,5.051900138821498
479389,MOHANNAD ABUTAHA,43820,Jordan,JOR,Midfielder,20,3,296.2049166666667,98.0,21.0,21.0,6.380717853265433,29.776683315238685,6.380717853265433
483161,MOSTAFA ZICO,43855,Egypt,EGY,Midfielder,11,5,398.27098333333333,192.0,31.0,15.0,7.0052806173552105,43.38754446878065,3.3896519116234884
448214,Malik TILLMAN,43921,USA,USA,Midfielder,17,5,415.9863666666667,115.0,25.0,15.0,5.408831106724572,24.880623090933025,3.2452986640347423
485677,Manu KONE,43946,France,FRA,Midfielder,6,5,426.23925,91.0,23.0,24.0,4.856427464153055,19.21456083643165,5.067576484333622
441623,Manuel UGARTE,43930,Uruguay,URU,Midfielder,5,3,197.5157,40.0,17.0,3.0,7.746219667601107,18.226399217884957,1.366979941341372
358241,Marcel SABITZER,43934,Austria,AUT,Midfielder,9,4,412.32820000000004,137.0,10.0,26.0,2.1827272546481176,29.90336338867921,5.675090862085105
423595,Marko STAMENIC,43978,New Zealand,NZL,Midfielder,8,3,302.8543666666667,67.0,18.0,10.0,5.349105637241926,19.910559871956057,2.971725354023292
482774,Martin BATURINA,43938,Croatia,CRO,Midfielder,16,4,344.2972500000001,119.0,8.0,17.0,2.09121623829409,31.106841544624587,4.443834506374941
400716,Martin ODEGAARD,43961,Norway,NOR,Midfielder,10,5,537.8812333333333,195.0,18.0,18.0,3.0118172927518017,32.628020671477856,3.0118172927518017
339987,Mateo KOVACIC,43938,Croatia,CRO,Midfielder,8,4,293.71925,95.0,16.0,7.0,4.902640872193429,29.109430178648488,2.1449053815846257
424422,Matias GALARZA,43928,Paraguay,PAR,Midfielder,23,4,439.9449166666667,197.0,61.0,42.0,12.478834945056567,40.30049974059252,8.591984716268456
419100,Maxi ARAUJO,43930,Uruguay,URU,Midfielder,20,3,278.23105,79.0,11.0,10.0,3.558193810503896,25.5543010027098,3.234721645912633
433668,Michal SADILEK,43995,Czechia,CZE,Midfielder,18,3,204.00071666666668,75.0,4.0,10.0,1.7646996828360817,33.08811905317653,4.411749207090204
369761,Miguel ALMIRON,43928,Paraguay,PAR,Midfielder,10,4,306.1456166666667,123.0,21.0,17.0,6.173532780179714,36.1592634267669,4.997621774431198
430733,Mikel MERINO,43969,Spain,ESP,Midfielder,6,8,262.03216666666674,107.0,10.0,24.0,3.4346928144318154,36.75121311442042,8.243262754636357
448497,Mohammad MOHEBBI,43817,IR Iran,IRN,Midfielder,8,3,271.5443333333333,133.0,15.0,8.0,4.971563882140792,44.08119975498169,2.6515007371417556
428885,Moises CAICEDO,43927,Ecuador,ECU,Midfielder,23,4,407.5486833333333,83.0,28.0,16.0,6.183310370159868,18.32909859725961,3.533320211519924
492716,Morgan ROGERS,43942,England,ENG,Midfielder,17,7,411.6862666666666,162.0,24.0,20.0,5.246713759701159,35.415317877982815,4.372261466417632
403319,NASSER ALDAWSARI,43835,Saudi Arabia,KSA,Midfielder,6,3,230.94581666666667,106.0,19.0,8.0,7.404334162363769,41.30839059002945,3.117614384153166
433534,NIZAR ALRASHDAN,43820,Jordan,JOR,Midfielder,21,3,289.9522833333333,149.0,17.0,15.0,5.276730303382678,46.24898912964818,4.655938502984716
431230,NOOR ALRAWABDEH,43820,Jordan,JOR,Midfielder,8,3,309.44849999999997,182.0,22.0,20.0,6.398479876296057,52.93287897663102,5.81679988754187
401893,NUNO DA COSTA,43850,Cabo Verde,CPV,Midfielder,21,4,180.46980000000002,61.0,3.0,6.0,1.4960951915500542,30.420602228184432,2.9921903831001084
379939,Nabil Bentaleb,43843,Algeria,ALG,Midfielder,19,4,313.63991666666664,42.0,12.0,16.0,3.4434392518596835,12.052037381508892,4.591252335812911
423941,Nathan SALIBA,43899,Canada,CAN,Midfielder,25,3,206.59373333333338,43.0,12.0,11.0,5.227651306622401,18.732417182063603,4.7920136977372
485740,Neil EL AYNAOUI,43872,Morocco,MAR,Midfielder,24,6,634.7040666666667,132.0,48.0,51.0,6.806321602266926,18.717384406234043,7.231716702408608
494458,Ngalayel MUKAU,20014,Congo DR,COD,Midfielder,6,4,220.64888333333334,125.0,9.0,10.0,3.670990705973057,50.985982027403566,4.078878562192285
430631,Nico GONZALEZ,43922,Argentina,ARG,Midfielder,15,7,324.7864,77.0,7.0,12.0,1.939736392903151,21.337100321934663,3.325262387833973
495349,Nicolas RASKIN,43935,Belgium,BEL,Midfielder,23,6,396.3012166666666,98.0,21.0,19.0,4.769099665898074,22.255798440857678,4.314899697717305
441088,Nicolas SEIWALD,43934,Austria,AUT,Midfielder,6,4,361.2923166666667,64.0,19.0,16.0,4.733009591171765,15.942769149210156,3.985692287302539
409191,Nikola VLASIC,43938,Croatia,CRO,Midfielder,13,3,204.13228333333333,82.0,9.0,14.0,3.9680151849246124,36.153027240424244,6.172468065438286
486147,Noah SADIKI,20014,Congo DR,COD,Midfielder,14,4,297.14445,135.0,17.0,12.0,5.149010859869669,40.88920388720032,3.6345959010844724
477470,Oscar BOBB,43961,Norway,NOR,Midfielder,22,6,279.70148333333333,113.0,17.0,12.0,5.4701175759465945,36.36019329893913,3.8612594653740664
371348,Otabek Shukurov,44005,Uzbekistan,UZB,Midfielder,7,3,268.4691333333333,96.0,12.0,5.0,4.022808829419746,32.182470635357966,1.6761703455915604
402817,PAIK Seungho,43822,Korea Republic,KOR,Midfielder,8,3,216.4526666666667,31.0,5.0,2.0,2.078976465986405,12.889654089115709,0.8315905863945618
423646,PEDRI,43969,Spain,ESP,Midfielder,20,8,565.1375666666667,257.0,38.0,51.0,6.051623890749432,40.92808789270011,8.12191627442687
431788,Pape GUEYE,43879,Senegal,SEN,Midfielder,26,4,257.2300333333333,51.0,10.0,7.0,3.4988138373163014,17.843950570313133,2.4491696861214107
448825,Pathe CISS,43879,Senegal,SEN,Midfielder,6,4,232.14638333333335,11.0,5.0,3.0,1.9384320941750617,4.264550607185136,1.163059256505037
483442,Patrick BERG,43961,Norway,NOR,Midfielder,6,6,519.7920166666667,168.0,27.0,21.0,4.674946751939662,29.088557567624566,3.6360696959530707
498421,Paul OKON-ENGSTLER,43976,Australia,AUS,Midfielder,24,4,214.36255000000006,78.0,5.0,9.0,2.0992472799003363,32.74825756644525,3.778645103820606
520036,Paul WANNER,43934,Austria,AUT,Midfielder,24,4,270.9925666666667,146.0,20.0,18.0,6.642248612723326,48.48841487288028,5.978023751450993
424036,Pedro VITE,43927,Ecuador,ECU,Midfielder,15,4,407.5486833333333,119.0,29.0,34.0,6.404142883379863,26.27906907317944,7.50830544947984
485066,Petar SUCIC,43938,Croatia,CRO,Midfielder,17,4,338.9916666666667,152.0,25.0,11.0,6.637331301162763,40.35497431106959,2.9204257725116154
411375,RODRI,43969,Spain,ESP,Midfielder,16,8,819.4039833333334,112.0,39.0,43.0,4.283601338769832,12.30162435749285,4.722945065823148
402021,Remo FREULER,43971,Switzerland,SUI,Midfielder,8,6,654.8822666666666,193.0,31.0,27.0,4.260307756081144,26.52385151366648,3.7105906262642225
391646,Ritsu DOAN,43819,Japan,JPN,Midfielder,10,4,295.09656666666666,114.0,19.0,9.0,5.794713301193948,34.76827980716369,2.7448641953023967
386538,Rodrigo BENTANCUR,43930,Uruguay,URU,Midfielder,6,3,313.2592666666667,82.0,15.0,9.0,4.309529337679609,23.558760379315196,2.585717602607765
428882,Rodrigo DE PAUL,43922,Argentina,ARG,Midfielder,7,7,539.98195,164.0,17.0,11.0,2.8334280432892247,27.334247005848994,1.8333946162459689
463283,Romano SCHMID,43934,Austria,AUT,Midfielder,18,4,283.87044999999995,142.0,18.0,14.0,5.706828590295327,45.02053665677425,4.4386444591185885
430176,Ryan GRAVENBERCH,43960,Netherlands,NED,Midfielder,8,4,374.26675,54.0,15.0,11.0,3.607052990948301,12.985390767413882,2.6451721933620873
371736,Saeid EZATOLAHI,43817,IR Iran,IRN,Midfielder,6,3,298.6881666666667,96.0,22.0,22.0,6.628987087425067,28.92648910876393,6.628987087425067
411644,Saman GHODDOS,43817,IR Iran,IRN,Midfielder,14,3,228.77519999999998,102.0,18.0,9.0,7.081187121681022,40.12672702285912,3.540593560840511
433076,Samuel Moutoussamy,20014,Congo DR,COD,Midfielder,8,4,360.19883333333337,114.0,31.0,39.0,7.745721923030474,28.48426771695077,9.74461790316737
404645,Sander BERGE,43961,Norway,NOR,Midfielder,8,5,554.9256166666667,101.0,17.0,9.0,2.7571262779152654,16.380573768790693,1.4596550883080817
390209,Sarpreet SINGH,43978,New Zealand,NZL,Midfielder,10,3,227.70136666666667,104.0,7.0,10.0,2.7667818126109913,41.106472644506155,3.9525454465871306
433787,Scott McTominay,43967,Scotland,SCO,Midfielder,4,3,306.7999,103.0,6.0,11.0,1.7601048761749922,30.215133707670702,3.2268589396541523
499912,Sebastian BERHALTER,43921,USA,USA,Midfielder,14,5,231.85036666666667,63.0,17.0,9.0,6.599083805632684,24.45542822087407,3.49363260298201
390475,Sphephelo SITHOLE,43883,South Africa,RSA,Midfielder,13,3,252.61666666666667,72.0,13.0,7.0,4.631523388533351,25.651514151877016,2.493897209210266
433635,Stephen EUSTAQUIO,43899,Canada,CAN,Midfielder,7,5,444.18358333333333,91.0,15.0,16.0,3.0392838696762583,18.438322142702635,3.241902794321342
485347,Tahith CHONG,1895293,Curaçao,CUW,Midfielder,21,3,267.53009999999995,113.0,9.0,5.0,3.027696696558631,38.01441407901392,1.6820537203103505
403616,Teboho MOKOENA,43883,South Africa,RSA,Midfielder,4,3,301.99760000000003,95.0,22.0,13.0,6.556343494120482,28.311483270065718,3.8742029737984667
494248,Thalente MBATHA,43883,South Africa,RSA,Midfielder,5,4,293.99396666666667,99.0,14.0,12.0,4.285802236984682,30.306744390105965,3.6735447745582985
369089,Thomas PARTEY,43860,Ghana,GHA,Midfielder,5,3,307.5749166666667,52.0,14.0,5.0,4.0965629241006045,15.21580514665939,1.4630581871787873
483526,Tijjani REIJNDERS,43960,Netherlands,NED,Midfielder,14,3,211.23113333333333,34.0,5.0,7.0,2.130367777224759,14.486500885128361,2.9825148881146624
390238,Tyler ADAMS,43921,USA,USA,Midfielder,4,4,397.65656666666666,65.0,21.0,30.0,4.752844938140508,14.711186713292047,6.789778483057868
441149,VITINHA,43963,Portugal,POR,Midfielder,23,5,404.6025666666667,124.0,13.0,19.0,2.891726588981104,27.58262284874284,4.226369630049306
390259,Weston McKENNIE,43921,USA,USA,Midfielder,8,5,504.27435,102.0,21.0,22.0,3.7479598159216305,18.204376248762205,3.9264340928702794
385531,Xaver Schlager,43934,Austria,AUT,Midfielder,4,4,265.09478333333334,76.0,24.0,3.0,8.148029066584801,25.8020920441852,1.0185036333231001
489688,Yasin AYARI,43970,Sweden,SWE,Midfielder,18,4,371.23356666666666,100.0,22.0,21.0,5.333569423095451,24.243497377706593,5.0911344493183845
401444,Youri TIELEMANS,43935,Belgium,BEL,Midfielder,8,5,538.9087666666667,120.0,24.0,19.0,4.0080995775228,20.040497887614002,3.17307883220555
434026,ZIDANE IQBAL,43818,Iraq,IRQ,Midfielder,14,3,210.04845,59.0,10.0,6.0,4.284725738276098,25.279881855828975,2.5708354429656586
